<?xml version="1.0" encoding="UTF-8"?>
<beans xmlns="http://www.springframework.org/schema/beans"
	xmlns:xsi="http://www.w3.org/2001/XMLSchema-instance"
	xsi:schemaLocation="http://www.springframework.org/schema/beans http://www.springframework.org/schema/beans/spring-beans.xsd">
	
	<!-- 빈 등록 하기 -->
	<bean id="userRepo" class="com.ssafy.hw.model.repo.UserRepoImpl"></bean>
	<bean id="userService"
		class="com.ssafy.hw.model.service.UserServiceImpl">
		<property name="userRepo" ref="userRepo"></property>
	</bean>
	<bean id="dataSource"
		class="org.apache.commons.dbcp2.BasicDataSource">
		<property name="driverClassName"
			value="com.mysql.cj.jdbc.Driver"></property>
		<property name="url"
			value="jdbc:mysql://localhost:3306/ssafy_user?serverTimeZone=UTC"></property>
		<property name="username" value="ssafy"></property>
		<property name="password" value="1234"></property>
	</bean>

</beans>
